Workbook
Name Slicer_Call_Hour: #N/A
Name Slicer_Call_Type: #N/A
Name Slicer_Channel: #N/A
Name Slicer_Customer_Segment: #N/A
Name Slicer_Department: #N/A
Name Slicer_Escalated: #N/A
Name Slicer_Resolved: #N/A

Sheet Call Data
A1: Call ID | B1: Department | C1: Duration (min) | D1: Escalated | E1: Resolved | F1: Call Type | G1: Customer Segment | H1: Repeat Caller | I1: Satisfaction Score | J1: CSR ID | K1: Channel | L1: Call Hour | M1: Escalated Flag | N1: Resolved Flag
A2: 1 | B2: Fraud | C2: 13.2 | D2: No | E2: Yes | F2: Inquiry | G2: Business | H2: Yes | I2: 5 | J2: CSR018 | K2: Branch | L2: 12 | M2: =IF(D2="Yes",1,0) -> 0 | N2: =IF(E2="Yes",1,0) -> 1
A3: 2 | B3: Card Services | C3: 16.5 | D3: No | E3: Yes | F3: Inquiry | G3: Retail | H3: No | I3: 3 | J3: CSR007 | K3: Phone | L3: 15 | M3: =IF(D3="Yes",1,0) -> 0 | N3: =IF(E3="Yes",1,0) -> 1
A4: 3 | B4: Loans | C4: 9.9 | D4: No | E4: Yes | F4: Complaint | G4: Business | H4: No | I4: 4 | J4: CSR002 | K4: Branch | L4: 12 | M4: =IF(D4="Yes",1,0) -> 0 | N4: =IF(E4="Yes",1,0) -> 1
A5: 4 | B5: Payments | C5: 9.3 | D5: No | E5: No | F5: Inquiry | G5: Retail | H5: No | I5: 3 | J5: CSR008 | K5: Branch | L5: 12 | M5: =IF(D5="Yes",1,0) -> 0 | N5: =IF(E5="Yes",1,0) -> 0
A6: 5 | B6: Loans | C6: 4.6 | D6: No | E6: No | F6: Fraud Report | G6: Retail | H6: No | I6: 1 | J6: CSR018 | K6: Branch | L6: 13 | M6: =IF(D6="Yes",1,0) -> 0 | N6: =IF(E6="Yes",1,0) -> 0
A7: 6 | B7: Fraud | C7: 5.9 | D7: No | E7: Yes | F7: Inquiry | G7: Business | H7: No | I7: 5 | J7: CSR013 | K7: Branch | L7: 9 | M7: =IF(D7="Yes",1,0) -> 0 | N7: =IF(E7="Yes",1,0) -> 1
A8: 7 | B8: Fraud | C8: 2.8 | D8: No | E8: Yes | F8: Inquiry | G8: Retail | H8: Yes | I8: 4 | J8: CSR010 | K8: Branch | L8: 14 | M8: =IF(D8="Yes",1,0) -> 0 | N8: =IF(E8="Yes",1,0) -> 1
A9: 8 | B9: Loans | C9: 5.2 | D9: No | E9: Yes | F9: Fraud Report | G9: Wealth | H9: No | I9: 5 | J9: CSR002 | K9: Branch | L9: 16 | M9: =IF(D9="Yes",1,0) -> 0 | N9: =IF(E9="Yes",1,0) -> 1
A10: 9 | B10: Payments | C10: 15.5 | D10: No | E10: Yes | F10: Transaction | G10: Retail | H10: No | I10: 4 | J10: CSR001 | K10: Branch | L10: 12 | M10: =IF(D10="Yes",1,0) -> 0 | N10: =IF(E10="Yes",1,0) -> 1
A11: 10 | B11: Loans | C11: 15 | D11: No | E11: No | F11: Transaction | G11: Retail | H11: No | I11: 4 | J11: CSR011 | K11: Branch | L11: 19 | M11: =IF(D11="Yes",1,0) -> 0 | N11: =IF(E11="Yes",1,0) -> 0
A12: 11 | B12: Fraud | C12: 18.3 | D12: No | E12: Yes | F12: Fraud Report | G12: Retail | H12: Yes | I12: 3 | J12: CSR005 | K12: Branch | L12: 13 | M12: =IF(D12="Yes",1,0) -> 0 | N12: =IF(E12="Yes",1,0) -> 1
A13: 12 | B13: Payments | C13: 17.4 | D13: No | E13: No | F13: Complaint | G13: Wealth | H13: No | I13: 4 | J13: CSR014 | K13: App | L13: 11 | M13: =IF(D13="Yes",1,0) -> 0 | N13: =IF(E13="Yes",1,0) -> 0
... A301: 300 | B301: Loans | C301: 11.1 | D301: No | E301: Yes | F301: Fraud Report | G301: Business | H301: No | I301: 5 | J301: CSR001 | K301: Branch | L301: 12 | M301: =IF(D301="Yes",1,0) -> 0 | N301: =IF(E301="Yes",1,0) -> 1

Sheet Pivot Summary
A4: Department | B4: Escalated Calls | C4: Resolved Calls | D4: Total Calls | E4: Avg Satisfaction Score | G4: % Escalated | H4: % Resolved
A5: Card Services | B5: 9 | C5: 61 | D5: 69 | E5: 3.6086957 | G5: =IFERROR(B5/D5,"") -> 0.13043478 | H5: =IFERROR(C5/D5, "") -> 0.88405797
A6: Fraud | B6: 13 | C6: 55 | D6: 87 | E6: 3.7356322 | G6: =IFERROR(B6/D6,"") -> 0.14942529 | H6: =IFERROR(C6/D6, "") -> 0.63218391
A7: Loans | B7: 27 | C7: 58 | D7: 77 | E7: 3.8961039 | G7: =IFERROR(B7/D7,"") -> 0.35064935 | H7: =IFERROR(C7/D7, "") -> 0.75324675
A8: Payments | B8: 11 | C8: 47 | D8: 67 | E8: 3.7164179 | G8: =IFERROR(B8/D8,"") -> 0.1641791 | H8: =IFERROR(C8/D8, "") -> 0.70149254
A9: Grand Total | B9: 60 | C9: 221 | D9: 300 | E9: 3.7433333
A11: Customer Segment | B11: Escalated Calls | C11: Resolved Calls | D11: Total Calls | G11: % Escalated | H11: % Resolved
A12: Business | B12: 18 | C12: 70 | D12: 97 | G12: =IFERROR(B12/D12, "") -> 0.18556701 | H12: =IFERROR(C12/D12, "") -> 0.72164948
A13: Retail | B13: 36 | C13: 135 | D13: 178 | G13: =IFERROR(B13/D13, "") -> 0.20224719 | H13: =IFERROR(C13/D13, "") -> 0.75842697
A14: Wealth | B14: 6 | C14: 16 | D14: 25 | G14: =IFERROR(B14/D14, "") -> 0.24 | H14: =IFERROR(C14/D14, "") -> 0.64
A15: Grand Total | B15: 60 | C15: 221 | D15: 300
A17: Call Hour | B17: Escalated Calls | C17: Resolved Calls | D17: Total Calls | G17: % Escalated | H17: % Resolved
A18: 8 | B18: 3 | C18: 11 | D18: 18 | G18: =IFERROR(B18/D18, "") -> 0.16666667 | H18: =IFERROR(C18/D18, "") -> 0.61111111
A19: 9 | B19: 5 | C19: 25 | D19: 33 | G19: =IFERROR(B19/D19, "") -> 0.15151515 | H19: =IFERROR(C19/D19, "") -> 0.75757576
A20: 10 | B20: 8 | C20: 16 | D20: 20 | G20: =IFERROR(B20/D20, "") -> 0.4 | H20: =IFERROR(C20/D20, "") -> 0.8
A21: 11 | B21: 8 | C21: 22 | D21: 35 | G21: =IFERROR(B21/D21, "") -> 0.22857143 | H21: =IFERROR(C21/D21, "") -> 0.62857143
A22: 12 | B22: 6 | C22: 18 | D22: 26 | G22: =IFERROR(B22/D22, "") -> 0.23076923 | H22: =IFERROR(C22/D22, "") -> 0.69230769
A23: 13 | B23: 6 | C23: 22 | D23: 27 | G23: =IFERROR(B23/D23, "") -> 0.22222222 | H23: =IFERROR(C23/D23, "") -> 0.81481481
A24: 14 | B24: 6 | C24: 17 | D24: 20 | G24: =IFERROR(B24/D24, "") -> 0.3 | H24: =IFERROR(C24/D24, "") -> 0.85
A25: 15 | B25: 3 | C25: 21 | D25: 29 | G25: =IFERROR(B25/D25, "") -> 0.10344828 | H25: =IFERROR(C25/D25, "") -> 0.72413793
A26: 16 | B26: 4 | C26: 20 | D26: 24 | G26: =IFERROR(B26/D26, "") -> 0.16666667 | H26: =IFERROR(C26/D26, "") -> 0.83333333
A27: 17 | B27: 4 | C27: 15 | D27: 22 | G27: =IFERROR(B27/D27, "") -> 0.18181818 | H27: =IFERROR(C27/D27, "") -> 0.68181818
A28: 18 | B28: 4 | C28: 19 | D28: 24 | G28: =IFERROR(B28/D28, "") -> 0.16666667 | H28: =IFERROR(C28/D28, "") -> 0.79166667
A29: 19 | B29: 3 | C29: 15 | D29: 22 | G29: =IFERROR(B29/D29, "") -> 0.13636364 | H29: =IFERROR(C29/D29, "") -> 0.68181818
A30: Grand Total | B30: 60 | C30: 221 | D30: 300

Sheet Interactive Charts
B1: ='Pivot Summary'!A4 -> Department | C1: Satisfaction Rate | D1: % Escalated | E1: % Resolved
B2: ='Pivot Summary'!A5 -> Card Services | C2: =GETPIVOTDATA("Avg Satisfaction Score",'Pivot Summary'!$A$4,"Department","Card Services")/5 -> 0.72173913 | D2: ='Pivot Summary'!G5 -> 0.13043478 | E2: ='Pivot Summary'!H5 -> 0.88405797
B3: ='Pivot Summary'!A6 -> Fraud | C3: =GETPIVOTDATA("Avg Satisfaction Score",'Pivot Summary'!$A$4,"Department","Fraud")/5 -> 0.74712644 | D3: ='Pivot Summary'!G6 -> 0.14942529 | E3: ='Pivot Summary'!H6 -> 0.63218391
B4: ='Pivot Summary'!A7 -> Loans | C4: =GETPIVOTDATA("Avg Satisfaction Score",'Pivot Summary'!$A$4,"Department","Loans")/5 -> 0.77922078 | D4: ='Pivot Summary'!G7 -> 0.35064935 | E4: ='Pivot Summary'!H7 -> 0.75324675
B5: ='Pivot Summary'!A8 -> Payments | C5: =GETPIVOTDATA("Avg Satisfaction Score",'Pivot Summary'!$A$4,"Department","Payments")/5 -> 0.74328358 | D5: ='Pivot Summary'!G8 -> 0.1641791 | E5: ='Pivot Summary'!H8 -> 0.70149254
